forecast_time,city,temp,humidity,condition
2026-10-08 03:00:00,Bengaluru,22.92,86,Rain
2026-10-08 06:00:00,Bengaluru,24.15,77,Rain
2026-10-08 09:00:00,Bengaluru,28.17,57,Clouds
2026-10-08 12:00:00,Bengaluru,28.45,61,Clouds
2026-10-08 15:00:00,Bengaluru,28.37,62,Clouds
2026-10-08 18:00:00,Bengaluru,25.63,72,Rain
2026-10-08 21:00:00,Bengaluru,23.94,83,Rain
2026-10-09 00:00:00,Bengaluru,23.88,88,Rain
2026-10-09 03:00:00,Bengaluru,25.49,68,Rain
2026-10-09 06:00:00,Bengaluru,27.63,52,Rain
2026-10-09 09:00:00,Bengaluru,29.69,54,Rain
2026-10-09 12:00:00,Bengaluru,27.65,68,Rain
2026-10-09 15:00:00,Bengaluru,28.04,68,Rain
2026-10-09 18:00:00,Bengaluru,24.03,81,Clouds
2026-10-09 21:00:00,Bengaluru,21.11,83,Clouds
2026-10-10 00:00:00,Bengaluru,21.05,82,Rain
2026-10-10 03:00:00,Bengaluru,23.79,71,Rain
2026-10-10 06:00:00,Bengaluru,27.41,52,Rain
2026-10-10 09:00:00,Bengaluru,28.85,40,Clouds
2026-10-10 12:00:00,Bengaluru,25.83,51,Clouds
2026-10-10 15:00:00,Bengaluru,24.47,56,Clouds
2026-10-10 18:00:00,Bengaluru,22.51,71,Clouds
2026-10-10 21:00:00,Bengaluru,20.42,83,Rain
2026-10-11 00:00:00,Bengaluru,19.82,84,Rain
2026-10-11 03:00:00,Bengaluru,23.54,64,Clouds
2026-10-11 06:00:00,Bengaluru,27.76,46,Clouds
2026-10-11 09:00:00,Bengaluru,28.9,42,Clouds
2026-10-11 12:00:00,Bengaluru,25.32,54,Clouds
2026-10-11 15:00:00,Bengaluru,24.48,59,Clouds
2026-10-11 18:00:00,Bengaluru,21.4,71,Clouds
2026-10-11 21:00:00,Bengaluru,19.86,84,Clear
2026-10-12 00:00:00,Bengaluru,18.94,87,Clear
2026-10-12 03:00:00,Bengaluru,22.87,68,Clear
2026-10-12 06:00:00,Bengaluru,27.2,48,Clear
2026-10-12 09:00:00,Bengaluru,28.68,41,Clouds
2026-10-12 12:00:00,Bengaluru,25.63,51,Clouds
2026-10-12 15:00:00,Bengaluru,23.66,55,Clouds
2026-10-12 18:00:00,Bengaluru,21.36,77,Clouds
2026-10-12 21:00:00,Bengaluru,20.32,85,Clouds
2026-10-13 00:00:00,Bengaluru,19.17,87,Clouds
2026-10-08 03:00:00,Mumbai,29.99,66,Clear
2026-10-08 06:00:00,Mumbai,30.09,64,Clear
2026-10-08 09:00:00,Mumbai,30.79,61,Clear
2026-10-08 12:00:00,Mumbai,30.27,63,Clear
2026-10-08 15:00:00,Mumbai,29.33,70,Clouds
2026-10-08 18:00:00,Mumbai,29.38,66,Clouds
2026-10-08 21:00:00,Mumbai,28.63,68,Clear
2026-10-09 00:00:00,Mumbai,28.28,68,Clear
2026-10-09 03:00:00,Mumbai,28.5,65,Clear
2026-10-09 06:00:00,Mumbai,30.13,61,Clear
2026-10-09 09:00:00,Mumbai,31.28,57,Clear
2026-10-09 12:00:00,Mumbai,29.6,67,Clear
2026-10-09 15:00:00,Mumbai,28.89,69,Clear
2026-10-09 18:00:00,Mumbai,29.03,68,Clouds
2026-10-09 21:00:00,Mumbai,28.73,68,Clouds
2026-10-10 00:00:00,Mumbai,27.97,69,Clouds
2026-10-10 03:00:00,Mumbai,28.06,67,Clouds
2026-10-10 06:00:00,Mumbai,30.23,63,Clouds
2026-10-10 09:00:00,Mumbai,30.7,60,Clear
2026-10-10 12:00:00,Mumbai,29.32,69,Clear
2026-10-10 15:00:00,Mumbai,28.69,74,Clear
2026-10-10 18:00:00,Mumbai,29.26,70,Clouds
2026-10-10 21:00:00,Mumbai,28.7,69,Clouds
2026-10-11 00:00:00,Mumbai,27.9,72,Clouds
2026-10-11 03:00:00,Mumbai,28.4,67,Clouds
2026-10-11 06:00:00,Mumbai,30.13,62,Clouds
2026-10-11 09:00:00,Mumbai,31.34,57,Clear
2026-10-11 12:00:00,Mumbai,29.49,70,Clear
2026-10-11 15:00:00,Mumbai,28.94,74,Clear
2026-10-11 18:00:00,Mumbai,28.67,74,Clouds
2026-10-11 21:00:00,Mumbai,28.04,73,Clouds
2026-10-12 00:00:00,Mumbai,28.31,68,Clouds
2026-10-12 03:00:00,Mumbai,28.84,60,Clear
2026-10-12 06:00:00,Mumbai,30.15,59,Clear
2026-10-12 09:00:00,Mumbai,31.43,55,Clear
2026-10-12 12:00:00,Mumbai,30.14,62,Clear
2026-10-12 15:00:00,Mumbai,29.87,65,Clear
2026-10-12 18:00:00,Mumbai,29.33,64,Clear
2026-10-12 21:00:00,Mumbai,28.37,69,Clouds
2026-10-13 00:00:00,Mumbai,28.23,64,Clouds
2026-10-08 03:00:00,Delhi,24.96,83,Clear
2026-10-08 06:00:00,Delhi,27.68,62,Clear
2026-10-08 09:00:00,Delhi,31.56,39,Clear
2026-10-08 12:00:00,Delhi,33.08,18,Clear
2026-10-08 15:00:00,Delhi,28.94,25,Clear
2026-10-08 18:00:00,Delhi,28.87,41,Clear
2026-10-08 21:00:00,Delhi,27.55,46,Clear
2026-10-09 00:00:00,Delhi,26.66,38,Clear
2026-10-09 03:00:00,Delhi,28.49,17,Clear
2026-10-09 06:00:00,Delhi,33.21,17,Clear
2026-10-09 09:00:00,Delhi,35.29,15,Clear
2026-10-09 12:00:00,Delhi,33.4,14,Clear
2026-10-09 15:00:00,Delhi,27.84,30,Clear
2026-10-09 18:00:00,Delhi,28.14,38,Clear
2026-10-09 21:00:00,Delhi,28.74,38,Clear
2026-10-10 00:00:00,Delhi,27.24,43,Clear
2026-10-10 03:00:00,Delhi,29.02,35,Clear
2026-10-10 06:00:00,Delhi,33.95,23,Clear
2026-10-10 09:00:00,Delhi,36.45,23,Clouds
2026-10-10 12:00:00,Delhi,34.87,26,Clouds
2026-10-10 15:00:00,Delhi,30.87,44,Clouds
2026-10-10 18:00:00,Delhi,29.02,53,Clouds
2026-10-10 21:00:00,Delhi,27.71,59,Clouds
2026-10-11 00:00:00,Delhi,26.68,63,Clouds
2026-10-11 03:00:00,Delhi,28.3,55,Clear
2026-10-11 06:00:00,Delhi,33.69,30,Clear
2026-10-11 09:00:00,Delhi,36.38,22,Clouds
2026-10-11 12:00:00,Delhi,35,25,Clouds
2026-10-11 15:00:00,Delhi,31.46,42,Rain
2026-10-11 18:00:00,Delhi,27.88,58,Rain
2026-10-11 21:00:00,Delhi,26.5,60,Rain
2026-10-12 00:00:00,Delhi,26.6,64,Clouds
2026-10-12 03:00:00,Delhi,28.75,56,Clear
2026-10-12 06:00:00,Delhi,33.73,34,Clear
2026-10-12 09:00:00,Delhi,36.03,24,Clear
2026-10-12 12:00:00,Delhi,35.17,24,Clear
2026-10-12 15:00:00,Delhi,32,39,Clear
2026-10-12 18:00:00,Delhi,30.66,48,Clear
2026-10-12 21:00:00,Delhi,29.66,50,Clear
2026-10-13 00:00:00,Delhi,29.03,50,Clear
2026-10-08 03:00:00,Chennai,30.36,81,Rain
2026-10-08 06:00:00,Chennai,31.16,75,Clouds
2026-10-08 09:00:00,Chennai,32.05,67,Clouds
2026-10-08 12:00:00,Chennai,30.65,69,Clouds
2026-10-08 15:00:00,Chennai,30.56,76,Clouds
2026-10-08 18:00:00,Chennai,29.78,76,Clouds
2026-10-08 21:00:00,Chennai,28.9,79,Rain
2026-10-09 00:00:00,Chennai,27.88,79,Rain
2026-10-09 03:00:00,Chennai,32.04,69,Clouds
2026-10-09 06:00:00,Chennai,33.36,60,Clouds
2026-10-09 09:00:00,Chennai,33.29,58,Clouds
2026-10-09 12:00:00,Chennai,30.46,66,Clouds
2026-10-09 15:00:00,Chennai,30.45,72,Clouds
2026-10-09 18:00:00,Chennai,29.81,71,Clouds
2026-10-09 21:00:00,Chennai,27.95,70,Clouds
2026-10-10 00:00:00,Chennai,27.29,73,Rain
2026-10-10 03:00:00,Chennai,29.26,64,Clouds
2026-10-10 06:00:00,Chennai,30.96,57,Clouds
2026-10-10 09:00:00,Chennai,30.69,57,Clouds
2026-10-10 12:00:00,Chennai,29.19,66,Clouds
2026-10-10 15:00:00,Chennai,28.61,70,Clouds
2026-10-10 18:00:00,Chennai,28.14,71,Clouds
2026-10-10 21:00:00,Chennai,27.57,72,Clouds
2026-10-11 00:00:00,Chennai,27.13,74,Clouds
2026-10-11 03:00:00,Chennai,29.15,66,Clouds
2026-10-11 06:00:00,Chennai,30.73,57,Clouds
2026-10-11 09:00:00,Chennai,30.48,58,Clouds
2026-10-11 12:00:00,Chennai,29.11,66,Clouds
2026-10-11 15:00:00,Chennai,28.47,70,Clear
2026-10-11 18:00:00,Chennai,28.13,71,Clear
2026-10-11 21:00:00,Chennai,27.64,72,Clouds
2026-10-12 00:00:00,Chennai,27.55,73,Clouds
2026-10-12 03:00:00,Chennai,29.78,64,Rain
2026-10-12 06:00:00,Chennai,30.83,59,Clouds
2026-10-12 09:00:00,Chennai,30.59,60,Clouds
2026-10-12 12:00:00,Chennai,29.32,67,Clouds
2026-10-12 15:00:00,Chennai,28.65,73,Clear
2026-10-12 18:00:00,Chennai,28.3,71,Clear
2026-10-12 21:00:00,Chennai,27.86,73,Clear
2026-10-13 00:00:00,Chennai,27.47,74,Clouds
2026-10-08 03:00:00,Kolkata,27.97,94,Clear
2026-10-08 06:00:00,Kolkata,29.4,82,Clear
2026-10-08 09:00:00,Kolkata,30.9,65,Clouds
2026-10-08 12:00:00,Kolkata,28.57,69,Rain
2026-10-08 15:00:00,Kolkata,26.29,81,Rain
2026-10-08 18:00:00,Kolkata,25.59,83,Rain
2026-10-08 21:00:00,Kolkata,25.16,84,Clear
2026-10-09 00:00:00,Kolkata,24.71,83,Rain
2026-10-09 03:00:00,Kolkata,28.87,65,Rain
2026-10-09 06:00:00,Kolkata,32.04,51,Rain
2026-10-09 09:00:00,Kolkata,30,62,Rain
2026-10-09 12:00:00,Kolkata,28.96,63,Clouds
2026-10-09 15:00:00,Kolkata,27.52,70,Clouds
2026-10-09 18:00:00,Kolkata,26.51,74,Clouds
2026-10-09 21:00:00,Kolkata,25.99,76,Clouds
2026-10-10 00:00:00,Kolkata,25.62,77,Clouds
2026-10-10 03:00:00,Kolkata,28.84,64,Clouds
2026-10-10 06:00:00,Kolkata,32.67,47,Clouds
2026-10-10 09:00:00,Kolkata,32.31,50,Clouds
2026-10-10 12:00:00,Kolkata,29.84,58,Clouds
2026-10-10 15:00:00,Kolkata,28.69,61,Clouds
2026-10-10 18:00:00,Kolkata,28.19,64,Clouds
2026-10-10 21:00:00,Kolkata,27.52,67,Clouds
2026-10-11 00:00:00,Kolkata,25.96,73,Clouds
2026-10-11 03:00:00,Kolkata,30.23,59,Clear
2026-10-11 06:00:00,Kolkata,33.23,46,Clear
2026-10-11 09:00:00,Kolkata,33.91,43,Clouds
2026-10-11 12:00:00,Kolkata,30.36,56,Clouds
2026-10-11 15:00:00,Kolkata,28.99,59,Clouds
2026-10-11 18:00:00,Kolkata,27.88,60,Clouds
2026-10-11 21:00:00,Kolkata,26.61,64,Clouds
2026-10-12 00:00:00,Kolkata,25.66,66,Clouds
2026-10-12 03:00:00,Kolkata,30.03,55,Clear
2026-10-12 06:00:00,Kolkata,33.51,41,Clear
2026-10-12 09:00:00,Kolkata,33.93,40,Clear
2026-10-12 12:00:00,Kolkata,29.75,53,Clear
2026-10-12 15:00:00,Kolkata,28.31,56,Clear
2026-10-12 18:00:00,Kolkata,26.85,62,Clear
2026-10-12 21:00:00,Kolkata,25.88,65,Clear
2026-10-13 00:00:00,Kolkata,25.03,67,Clear
